Index,Category,Input_Text,Ground_Truth,All_References
0,Rephrasing,"It is important to note that the project timeline has been subject to significant delays. Due to the fact that we have been experiencing a variety of unforeseen circumstances, we are currently in the process of reassessing our approach. In order to complete the deliverables on schedule, it will be necessary for us to allocate additional resources to the task at hand.",The project timeline has been delayed. Unforeseen circumstances have forced us to reassess our approach. We need to allocate more resources to meet the schedule.,The project timeline has been delayed. Unforeseen circumstances have forced us to reassess our approach. We need to allocate more resources to meet the schedule.|Significant delays have affected the project. We're reassessing our approach due to unforeseen circumstances and will need more resources to complete deliverables on time.|The project is behind schedule. We're reassessing and will need additional resources to complete deliverables on time.|Delays have impacted the timeline. We're reassessing and must add resources to stay on schedule.
1,Rephrasing,"In the event that you have any questions or concerns with regard to the proposal that has been put forward, please do not hesitate to get in touch with us at your earliest convenience. We are more than happy to provide you with any additional information that you may require in order to facilitate the decision-making process.","If you have questions about the proposal, contact us. We're happy to provide any information you need to decide.","If you have questions about the proposal, contact us. We're happy to provide any information you need to decide.|Contact us if you have questions or concerns about the proposal. We'll provide any information you need.|Questions about the proposal? Contact us anytime. We can provide whatever information you need to decide.|Reach out if you need more information or have concerns about the proposal."
2,Rephrasing,The committee has reached the conclusion that it would be in the best interests of all parties involved to postpone the meeting until such time as all of the relevant data has been compiled and reviewed. It is our expectation that this will allow for a more productive discussion and a better outcome for everyone.,The committee decided to postpone the meeting until all relevant data is compiled and reviewed. We expect a more productive discussion and better outcome.,The committee decided to postpone the meeting until all relevant data is compiled and reviewed. We expect a more productive discussion and better outcome.|The committee concluded that postponing the meeting until data is compiled and reviewed is best. This should lead to a more productive discussion.|We're postponing the meeting until we have and review all relevant data. We expect a better discussion and outcome.|The meeting will be postponed until data is compiled and reviewed so we can have a more productive discussion.
3,Rephrasing,There are a number of different factors that need to be taken into consideration when we are in the process of making a decision with respect to the future direction of the company. The fact of the matter is that we need to ensure that we have a comprehensive understanding of the market conditions before we proceed.,Several factors must be considered when deciding the company's future direction. We need a comprehensive understanding of market conditions before proceeding.,"Several factors must be considered when deciding the company's future direction. We need a comprehensive understanding of market conditions before proceeding.|Many factors matter when deciding the company's direction. We must understand market conditions before we proceed.|We must consider several factors before deciding the company's future direction and need a clear picture of market conditions.|Before deciding the company's direction, we need to consider several factors and understand market conditions."
4,Rephrasing,It has come to our attention that there have been a series of complaints that have been submitted by customers in relation to the quality of the product that was delivered. We are currently in the process of conducting a thorough investigation into the matter in order to identify the root cause of the problem.,We've learned that customers have complained about the quality of the delivered product. We're investigating to find the root cause.,"We've learned that customers have complained about the quality of the delivered product. We're investigating to find the root cause.|Customers have submitted complaints about product quality. We're conducting a thorough investigation to identify the root cause.|We're aware of customer complaints about delivered product quality and are investigating the root cause.|Following customer complaints about product quality, we're investigating to identify the root cause."
5,Rephrasing,"The implementation of the new policy is scheduled to take effect at the beginning of the next quarter. It is anticipated that this will result in a number of positive outcomes for the organization as a whole, including but not limited to improved efficiency and a reduction in operational costs. All employees are required to comply.",The new policy takes effect at the start of next quarter. We expect improved efficiency and lower operational costs. All employees must comply.,"The new policy takes effect at the start of next quarter. We expect improved efficiency and lower operational costs. All employees must comply.|The new policy goes into effect next quarter. We anticipate improved efficiency and reduced costs. Compliance is required for all employees.|Starting next quarter, the new policy will bring improved efficiency and lower costs. All employees must comply.|The new policy begins next quarter and should improve efficiency and reduce costs. All employees must comply."
6,Rephrasing,"In spite of the fact that we have made every effort to complete the task within the specified timeframe, we have encountered a number of obstacles that have prevented us from doing so. We would like to request an extension of the deadline in order to ensure that we are able to deliver work of the highest quality.","Despite our efforts to meet the deadline, we've encountered obstacles. We request an extension to deliver high-quality work.","Despite our efforts to meet the deadline, we've encountered obstacles. We request an extension to deliver high-quality work.|We've tried to finish on time but faced obstacles. We're requesting a deadline extension so we can deliver quality work.|Obstacles have prevented us from meeting the deadline despite our efforts. We request an extension to ensure quality.|We request a deadline extension; we've encountered obstacles and want to deliver the highest quality work."
7,Rephrasing,The report that was prepared by the research team contains a great deal of valuable information that could be of use to us in the context of our strategic planning efforts. It is recommended that we take the time to review the document in detail prior to the upcoming planning session.,The research team's report contains valuable information for our strategic planning. We should review it in detail before the planning session.,The research team's report contains valuable information for our strategic planning. We should review it in detail before the planning session.|The report has valuable information for strategic planning. We recommend reviewing it in detail before the planning session.|We should review the research team's report in detail before the planning session; it has valuable strategic planning information.|The report holds valuable strategic planning information. Review it in detail before the upcoming planning session.
8,Rephrasing,"As a result of the feedback that we have received from a variety of different sources, we have come to the conclusion that it would be beneficial for us to make a number of changes to the way in which we operate. We are in the process of developing a detailed plan that will outline the steps that need to be taken.",Feedback from various sources has led us to conclude that we should change how we operate. We're developing a detailed plan.,"Feedback from various sources has led us to conclude that we should change how we operate. We're developing a detailed plan.|Based on feedback from many sources, we've decided to make operational changes. We're developing a detailed plan for next steps.|We've decided to change our operations based on feedback. We're developing a detailed plan with the steps to take.|Feedback led us to plan operational changes. We're developing a detailed plan outlining the necessary steps."
9,Rephrasing,The meeting that was held on Monday was attended by representatives from each of the departments that are involved in the project. A great deal of progress was made with regard to the identification of the key milestones that will need to be achieved over the course of the next six months.,Monday's meeting included representatives from each project department. We made progress identifying key milestones for the next six months.,"Monday's meeting included representatives from each project department. We made progress identifying key milestones for the next six months.|Representatives from every project department attended Monday's meeting. We identified key milestones for the next six months.|At Monday's meeting, department representatives made progress identifying key milestones for the next six months.|The Monday meeting had all project departments represented. Key milestones for the next six months were identified."
10,Rephrasing,"In view of the fact that the budget has been approved by the board of directors, we are now in a position to move forward with the implementation of the first phase of the project. It is our intention to begin the work as soon as possible and to keep all stakeholders informed of our progress on a regular basis.","The board has approved the budget, so we can move forward with the first phase. We'll start as soon as possible and keep stakeholders informed.","The board has approved the budget, so we can move forward with the first phase. We'll start as soon as possible and keep stakeholders informed.|With budget approval from the board, we're moving forward with phase one. We intend to start soon and update stakeholders regularly.|Budget approved; we're starting phase one implementation and will keep stakeholders informed.|We can now implement phase one and will start soon, keeping stakeholders updated."
11,Rephrasing,The purpose of this document is to provide you with a summary of the findings that were uncovered during the course of our investigation. We have attempted to present the information in a clear and concise manner so that it can be easily understood by all parties who have an interest in the outcome.,This document summarizes our investigation findings. We've presented the information clearly for all interested parties.,"This document summarizes our investigation findings. We've presented the information clearly for all interested parties.|Here we summarize the investigation findings in a clear, concise way for all interested parties.|We present our investigation findings in this document in a clear and concise manner.|This document clearly summarizes our investigation findings for all interested parties."
12,Rephrasing,"At the present time, we are experiencing a situation where the demand for our products has exceeded our initial expectations. As a consequence of this, we are currently in the process of exploring a number of different options that would allow us to increase our production capacity in order to meet the needs of our customers.",Demand for our products has exceeded expectations. We're exploring options to increase production capacity to meet customer needs.,Demand for our products has exceeded expectations. We're exploring options to increase production capacity to meet customer needs.|We're seeing higher demand than expected and are exploring ways to increase production to meet customer needs.|Demand exceeds expectations; we're exploring options to increase production capacity.|We're exploring ways to increase production to meet the higher-than-expected demand.
13,Rephrasing,"It is important to note that the project timeline has been subject to significant delays. Due to the fact that we have been experiencing a variety of unforeseen circumstances, we are currently in the process of reassessing our approach. In order to complete the deliverables on schedule, it will be necessary for us to allocate additional resources to the task at hand.",Significant delays have affected the project. We're reassessing our approach due to unforeseen circumstances and will need more resources to complete deliverables on time.,Significant delays have affected the project. We're reassessing our approach due to unforeseen circumstances and will need more resources to complete deliverables on time.|The project is behind schedule. We're reassessing and will need additional resources to complete deliverables on time.|Delays have impacted the timeline. We're reassessing and must add resources to stay on schedule.|The project timeline has been delayed. Unforeseen circumstances have forced us to reassess our approach. We need to allocate more resources to meet the schedule.
14,Rephrasing,"In the event that you have any questions or concerns with regard to the proposal that has been put forward, please do not hesitate to get in touch with us at your earliest convenience. We are more than happy to provide you with any additional information that you may require in order to facilitate the decision-making process.",Questions about the proposal? Contact us anytime. We can provide whatever information you need to decide.,"Questions about the proposal? Contact us anytime. We can provide whatever information you need to decide.|Reach out if you need more information or have concerns about the proposal.|If you have questions about the proposal, contact us. We're happy to provide any information you need to decide.|Contact us if you have questions or concerns about the proposal. We'll provide any information you need."
15,Rephrasing,The committee has reached the conclusion that it would be in the best interests of all parties involved to postpone the meeting until such time as all of the relevant data has been compiled and reviewed. It is our expectation that this will allow for a more productive discussion and a better outcome for everyone. There are a number of different factors that need to be taken into consideration when we are in the process of making a decision with respect to the future direction of the company. The fact of the matter is that we need to ensure that we have a comprehensive understanding of the market conditions before we proceed.,"The meeting will be postponed until data is compiled and reviewed so we can have a more productive discussion. Before deciding the company's direction, we need to consider several factors and understand market conditions.","The meeting will be postponed until data is compiled and reviewed so we can have a more productive discussion. Before deciding the company's direction, we need to consider several factors and understand market conditions.|The committee decided to postpone the meeting until all relevant data is compiled and reviewed. We expect a more productive discussion and better outcome. Several factors must be considered when deciding the company's future direction. We need a comprehensive understanding of market conditions before proceeding.|The committee concluded that postponing the meeting until data is compiled and reviewed is best. This should lead to a more productive discussion. Many factors matter when deciding the company's direction. We must understand market conditions before we proceed.|We're postponing the meeting until we have and review all relevant data. We expect a better discussion and outcome. We must consider several factors before deciding the company's future direction and need a clear picture of market conditions."
16,Rephrasing,There are a number of different factors that need to be taken into consideration when we are in the process of making a decision with respect to the future direction of the company. The fact of the matter is that we need to ensure that we have a comprehensive understanding of the market conditions before we proceed. It has come to our attention that there have been a series of complaints that have been submitted by customers in relation to the quality of the product that was delivered. We are currently in the process of conducting a thorough investigation into the matter in order to identify the root cause of the problem.,Several factors must be considered when deciding the company's future direction. We need a comprehensive understanding of market conditions before proceeding. We've learned that customers have complained about the quality of the delivered product. We're investigating to find the root cause.,"Several factors must be considered when deciding the company's future direction. We need a comprehensive understanding of market conditions before proceeding. We've learned that customers have complained about the quality of the delivered product. We're investigating to find the root cause.|Many factors matter when deciding the company's direction. We must understand market conditions before we proceed. Customers have submitted complaints about product quality. We're conducting a thorough investigation to identify the root cause.|We must consider several factors before deciding the company's future direction and need a clear picture of market conditions. We're aware of customer complaints about delivered product quality and are investigating the root cause.|Before deciding the company's direction, we need to consider several factors and understand market conditions. Following customer complaints about product quality, we're investigating to identify the root cause."
17,Rephrasing,"It has come to our attention that there have been a series of complaints that have been submitted by customers in relation to the quality of the product that was delivered. We are currently in the process of conducting a thorough investigation into the matter in order to identify the root cause of the problem. The implementation of the new policy is scheduled to take effect at the beginning of the next quarter. It is anticipated that this will result in a number of positive outcomes for the organization as a whole, including but not limited to improved efficiency and a reduction in operational costs. All employees are required to comply.",Customers have submitted complaints about product quality. We're conducting a thorough investigation to identify the root cause. The new policy goes into effect next quarter. We anticipate improved efficiency and reduced costs. Compliance is required for all employees.,"Customers have submitted complaints about product quality. We're conducting a thorough investigation to identify the root cause. The new policy goes into effect next quarter. We anticipate improved efficiency and reduced costs. Compliance is required for all employees.|We're aware of customer complaints about delivered product quality and are investigating the root cause. Starting next quarter, the new policy will bring improved efficiency and lower costs. All employees must comply.|Following customer complaints about product quality, we're investigating to identify the root cause. The new policy begins next quarter and should improve efficiency and reduce costs. All employees must comply.|We've learned that customers have complained about the quality of the delivered product. We're investigating to find the root cause. The new policy takes effect at the start of next quarter. We expect improved efficiency and lower operational costs. All employees must comply."
18,Rephrasing,"The implementation of the new policy is scheduled to take effect at the beginning of the next quarter. It is anticipated that this will result in a number of positive outcomes for the organization as a whole, including but not limited to improved efficiency and a reduction in operational costs. All employees are required to comply. In spite of the fact that we have made every effort to complete the task within the specified timeframe, we have encountered a number of obstacles that have prevented us from doing so. We would like to request an extension of the deadline in order to ensure that we are able to deliver work of the highest quality.","Starting next quarter, the new policy will bring improved efficiency and lower costs. All employees must comply. Obstacles have prevented us from meeting the deadline despite our efforts. We request an extension to ensure quality.","Starting next quarter, the new policy will bring improved efficiency and lower costs. All employees must comply. Obstacles have prevented us from meeting the deadline despite our efforts. We request an extension to ensure quality.|The new policy begins next quarter and should improve efficiency and reduce costs. All employees must comply. We request a deadline extension; we've encountered obstacles and want to deliver the highest quality work.|The new policy takes effect at the start of next quarter. We expect improved efficiency and lower operational costs. All employees must comply. Despite our efforts to meet the deadline, we've encountered obstacles. We request an extension to deliver high-quality work.|The new policy goes into effect next quarter. We anticipate improved efficiency and reduced costs. Compliance is required for all employees. We've tried to finish on time but faced obstacles. We're requesting a deadline extension so we can deliver quality work."
19,Rephrasing,"In spite of the fact that we have made every effort to complete the task within the specified timeframe, we have encountered a number of obstacles that have prevented us from doing so. We would like to request an extension of the deadline in order to ensure that we are able to deliver work of the highest quality. The report that was prepared by the research team contains a great deal of valuable information that could be of use to us in the context of our strategic planning efforts. It is recommended that we take the time to review the document in detail prior to the upcoming planning session.",We request a deadline extension; we've encountered obstacles and want to deliver the highest quality work. The report holds valuable strategic planning information. Review it in detail before the upcoming planning session.,"We request a deadline extension; we've encountered obstacles and want to deliver the highest quality work. The report holds valuable strategic planning information. Review it in detail before the upcoming planning session.|Despite our efforts to meet the deadline, we've encountered obstacles. We request an extension to deliver high-quality work. The research team's report contains valuable information for our strategic planning. We should review it in detail before the planning session.|We've tried to finish on time but faced obstacles. We're requesting a deadline extension so we can deliver quality work. The report has valuable information for strategic planning. We recommend reviewing it in detail before the planning session.|Obstacles have prevented us from meeting the deadline despite our efforts. We request an extension to ensure quality. We should review the research team's report in detail before the planning session; it has valuable strategic planning information."
20,Rephrasing,"The report that was prepared by the research team contains a great deal of valuable information that could be of use to us in the context of our strategic planning efforts. It is recommended that we take the time to review the document in detail prior to the upcoming planning session. As a result of the feedback that we have received from a variety of different sources, we have come to the conclusion that it would be beneficial for us to make a number of changes to the way in which we operate. We are in the process of developing a detailed plan that will outline the steps that need to be taken.",The research team's report contains valuable information for our strategic planning. We should review it in detail before the planning session. Feedback from various sources has led us to conclude that we should change how we operate. We're developing a detailed plan.,"The research team's report contains valuable information for our strategic planning. We should review it in detail before the planning session. Feedback from various sources has led us to conclude that we should change how we operate. We're developing a detailed plan.|The report has valuable information for strategic planning. We recommend reviewing it in detail before the planning session. Based on feedback from many sources, we've decided to make operational changes. We're developing a detailed plan for next steps.|We should review the research team's report in detail before the planning session; it has valuable strategic planning information. We've decided to change our operations based on feedback. We're developing a detailed plan with the steps to take.|The report holds valuable strategic planning information. Review it in detail before the upcoming planning session. Feedback led us to plan operational changes. We're developing a detailed plan outlining the necessary steps."
21,Rephrasing,"As a result of the feedback that we have received from a variety of different sources, we have come to the conclusion that it would be beneficial for us to make a number of changes to the way in which we operate. We are in the process of developing a detailed plan that will outline the steps that need to be taken. The meeting that was held on Monday was attended by representatives from each of the departments that are involved in the project. A great deal of progress was made with regard to the identification of the key milestones that will need to be achieved over the course of the next six months.","Based on feedback from many sources, we've decided to make operational changes. We're developing a detailed plan for next steps. Representatives from every project department attended Monday's meeting. We identified key milestones for the next six months.","Based on feedback from many sources, we've decided to make operational changes. We're developing a detailed plan for next steps. Representatives from every project department attended Monday's meeting. We identified key milestones for the next six months.|We've decided to change our operations based on feedback. We're developing a detailed plan with the steps to take. At Monday's meeting, department representatives made progress identifying key milestones for the next six months.|Feedback led us to plan operational changes. We're developing a detailed plan outlining the necessary steps. The Monday meeting had all project departments represented. Key milestones for the next six months were identified.|Feedback from various sources has led us to conclude that we should change how we operate. We're developing a detailed plan. Monday's meeting included representatives from each project department. We made progress identifying key milestones for the next six months."
22,Rephrasing,"The meeting that was held on Monday was attended by representatives from each of the departments that are involved in the project. A great deal of progress was made with regard to the identification of the key milestones that will need to be achieved over the course of the next six months. In view of the fact that the budget has been approved by the board of directors, we are now in a position to move forward with the implementation of the first phase of the project. It is our intention to begin the work as soon as possible and to keep all stakeholders informed of our progress on a regular basis.","At Monday's meeting, department representatives made progress identifying key milestones for the next six months. Budget approved; we're starting phase one implementation and will keep stakeholders informed.","At Monday's meeting, department representatives made progress identifying key milestones for the next six months. Budget approved; we're starting phase one implementation and will keep stakeholders informed.|The Monday meeting had all project departments represented. Key milestones for the next six months were identified. We can now implement phase one and will start soon, keeping stakeholders updated.|Monday's meeting included representatives from each project department. We made progress identifying key milestones for the next six months. The board has approved the budget, so we can move forward with the first phase. We'll start as soon as possible and keep stakeholders informed.|Representatives from every project department attended Monday's meeting. We identified key milestones for the next six months. With budget approval from the board, we're moving forward with phase one. We intend to start soon and update stakeholders regularly."
23,Rephrasing,"In view of the fact that the budget has been approved by the board of directors, we are now in a position to move forward with the implementation of the first phase of the project. It is our intention to begin the work as soon as possible and to keep all stakeholders informed of our progress on a regular basis. The purpose of this document is to provide you with a summary of the findings that were uncovered during the course of our investigation. We have attempted to present the information in a clear and concise manner so that it can be easily understood by all parties who have an interest in the outcome.","We can now implement phase one and will start soon, keeping stakeholders updated. This document clearly summarizes our investigation findings for all interested parties.","We can now implement phase one and will start soon, keeping stakeholders updated. This document clearly summarizes our investigation findings for all interested parties.|The board has approved the budget, so we can move forward with the first phase. We'll start as soon as possible and keep stakeholders informed. This document summarizes our investigation findings. We've presented the information clearly for all interested parties.|With budget approval from the board, we're moving forward with phase one. We intend to start soon and update stakeholders regularly. Here we summarize the investigation findings in a clear, concise way for all interested parties.|Budget approved; we're starting phase one implementation and will keep stakeholders informed. We present our investigation findings in this document in a clear and concise manner."
24,Rephrasing,"The purpose of this document is to provide you with a summary of the findings that were uncovered during the course of our investigation. We have attempted to present the information in a clear and concise manner so that it can be easily understood by all parties who have an interest in the outcome. At the present time, we are experiencing a situation where the demand for our products has exceeded our initial expectations. As a consequence of this, we are currently in the process of exploring a number of different options that would allow us to increase our production capacity in order to meet the needs of our customers.",This document summarizes our investigation findings. We've presented the information clearly for all interested parties. Demand for our products has exceeded expectations. We're exploring options to increase production capacity to meet customer needs.,"This document summarizes our investigation findings. We've presented the information clearly for all interested parties. Demand for our products has exceeded expectations. We're exploring options to increase production capacity to meet customer needs.|Here we summarize the investigation findings in a clear, concise way for all interested parties. We're seeing higher demand than expected and are exploring ways to increase production to meet customer needs.|We present our investigation findings in this document in a clear and concise manner. Demand exceeds expectations; we're exploring options to increase production capacity.|This document clearly summarizes our investigation findings for all interested parties. We're exploring ways to increase production to meet the higher-than-expected demand."
25,Rephrasing,"At the present time, we are experiencing a situation where the demand for our products has exceeded our initial expectations. As a consequence of this, we are currently in the process of exploring a number of different options that would allow us to increase our production capacity in order to meet the needs of our customers. It is important to note that the project timeline has been subject to significant delays. Due to the fact that we have been experiencing a variety of unforeseen circumstances, we are currently in the process of reassessing our approach. In order to complete the deliverables on schedule, it will be necessary for us to allocate additional resources to the task at hand.",We're seeing higher demand than expected and are exploring ways to increase production to meet customer needs. Significant delays have affected the project. We're reassessing our approach due to unforeseen circumstances and will need more resources to complete deliverables on time.,We're seeing higher demand than expected and are exploring ways to increase production to meet customer needs. Significant delays have affected the project. We're reassessing our approach due to unforeseen circumstances and will need more resources to complete deliverables on time.|Demand exceeds expectations; we're exploring options to increase production capacity. The project is behind schedule. We're reassessing and will need additional resources to complete deliverables on time.|We're exploring ways to increase production to meet the higher-than-expected demand. Delays have impacted the timeline. We're reassessing and must add resources to stay on schedule.|Demand for our products has exceeded expectations. We're exploring options to increase production capacity to meet customer needs. The project timeline has been delayed. Unforeseen circumstances have forced us to reassess our approach. We need to allocate more resources to meet the schedule.
26,Rephrasing,"It is important to note that the project timeline has been subject to significant delays. Due to the fact that we have been experiencing a variety of unforeseen circumstances, we are currently in the process of reassessing our approach. In order to complete the deliverables on schedule, it will be necessary for us to allocate additional resources to the task at hand. In the event that you have any questions or concerns with regard to the proposal that has been put forward, please do not hesitate to get in touch with us at your earliest convenience. We are more than happy to provide you with any additional information that you may require in order to facilitate the decision-making process.",The project is behind schedule. We're reassessing and will need additional resources to complete deliverables on time. Questions about the proposal? Contact us anytime. We can provide whatever information you need to decide.,"The project is behind schedule. We're reassessing and will need additional resources to complete deliverables on time. Questions about the proposal? Contact us anytime. We can provide whatever information you need to decide.|Delays have impacted the timeline. We're reassessing and must add resources to stay on schedule. Reach out if you need more information or have concerns about the proposal.|The project timeline has been delayed. Unforeseen circumstances have forced us to reassess our approach. We need to allocate more resources to meet the schedule. If you have questions about the proposal, contact us. We're happy to provide any information you need to decide.|Significant delays have affected the project. We're reassessing our approach due to unforeseen circumstances and will need more resources to complete deliverables on time. Contact us if you have questions or concerns about the proposal. We'll provide any information you need."
27,Rephrasing,"In the event that you have any questions or concerns with regard to the proposal that has been put forward, please do not hesitate to get in touch with us at your earliest convenience. We are more than happy to provide you with any additional information that you may require in order to facilitate the decision-making process. The committee has reached the conclusion that it would be in the best interests of all parties involved to postpone the meeting until such time as all of the relevant data has been compiled and reviewed. It is our expectation that this will allow for a more productive discussion and a better outcome for everyone.",Reach out if you need more information or have concerns about the proposal. The meeting will be postponed until data is compiled and reviewed so we can have a more productive discussion.,"Reach out if you need more information or have concerns about the proposal. The meeting will be postponed until data is compiled and reviewed so we can have a more productive discussion.|If you have questions about the proposal, contact us. We're happy to provide any information you need to decide. The committee decided to postpone the meeting until all relevant data is compiled and reviewed. We expect a more productive discussion and better outcome.|Contact us if you have questions or concerns about the proposal. We'll provide any information you need. The committee concluded that postponing the meeting until data is compiled and reviewed is best. This should lead to a more productive discussion.|Questions about the proposal? Contact us anytime. We can provide whatever information you need to decide. We're postponing the meeting until we have and review all relevant data. We expect a better discussion and outcome."
28,Rephrasing,The committee has reached the conclusion that it would be in the best interests of all parties involved to postpone the meeting until such time as all of the relevant data has been compiled and reviewed. It is our expectation that this will allow for a more productive discussion and a better outcome for everyone. There are a number of different factors that need to be taken into consideration when we are in the process of making a decision with respect to the future direction of the company. The fact of the matter is that we need to ensure that we have a comprehensive understanding of the market conditions before we proceed.,The committee decided to postpone the meeting until all relevant data is compiled and reviewed. We expect a more productive discussion and better outcome. Several factors must be considered when deciding the company's future direction. We need a comprehensive understanding of market conditions before proceeding.,"The committee decided to postpone the meeting until all relevant data is compiled and reviewed. We expect a more productive discussion and better outcome. Several factors must be considered when deciding the company's future direction. We need a comprehensive understanding of market conditions before proceeding.|The committee concluded that postponing the meeting until data is compiled and reviewed is best. This should lead to a more productive discussion. Many factors matter when deciding the company's direction. We must understand market conditions before we proceed.|We're postponing the meeting until we have and review all relevant data. We expect a better discussion and outcome. We must consider several factors before deciding the company's future direction and need a clear picture of market conditions.|The meeting will be postponed until data is compiled and reviewed so we can have a more productive discussion. Before deciding the company's direction, we need to consider several factors and understand market conditions."
29,Rephrasing,There are a number of different factors that need to be taken into consideration when we are in the process of making a decision with respect to the future direction of the company. The fact of the matter is that we need to ensure that we have a comprehensive understanding of the market conditions before we proceed. It has come to our attention that there have been a series of complaints that have been submitted by customers in relation to the quality of the product that was delivered. We are currently in the process of conducting a thorough investigation into the matter in order to identify the root cause of the problem.,Many factors matter when deciding the company's direction. We must understand market conditions before we proceed. Customers have submitted complaints about product quality. We're conducting a thorough investigation to identify the root cause.,"Many factors matter when deciding the company's direction. We must understand market conditions before we proceed. Customers have submitted complaints about product quality. We're conducting a thorough investigation to identify the root cause.|We must consider several factors before deciding the company's future direction and need a clear picture of market conditions. We're aware of customer complaints about delivered product quality and are investigating the root cause.|Before deciding the company's direction, we need to consider several factors and understand market conditions. Following customer complaints about product quality, we're investigating to identify the root cause.|Several factors must be considered when deciding the company's future direction. We need a comprehensive understanding of market conditions before proceeding. We've learned that customers have complained about the quality of the delivered product. We're investigating to find the root cause."
30,Rephrasing,"It has come to our attention that there have been a series of complaints that have been submitted by customers in relation to the quality of the product that was delivered. We are currently in the process of conducting a thorough investigation into the matter in order to identify the root cause of the problem. The implementation of the new policy is scheduled to take effect at the beginning of the next quarter. It is anticipated that this will result in a number of positive outcomes for the organization as a whole, including but not limited to improved efficiency and a reduction in operational costs. All employees are required to comply. In spite of the fact that we have made every effort to complete the task within the specified timeframe, we have encountered a number of obstacles that have prevented us from doing so. We would like to request an extension of the deadline in order to ensure that we are able to deliver work of the highest quality.","We're aware of customer complaints about delivered product quality and are investigating the root cause. Starting next quarter, the new policy will bring improved efficiency and lower costs. All employees must comply. Obstacles have prevented us from meeting the deadline despite our efforts. We request an extension to ensure quality.","We're aware of customer complaints about delivered product quality and are investigating the root cause. Starting next quarter, the new policy will bring improved efficiency and lower costs. All employees must comply. Obstacles have prevented us from meeting the deadline despite our efforts. We request an extension to ensure quality.|Following customer complaints about product quality, we're investigating to identify the root cause. The new policy begins next quarter and should improve efficiency and reduce costs. All employees must comply. We request a deadline extension; we've encountered obstacles and want to deliver the highest quality work.|We've learned that customers have complained about the quality of the delivered product. We're investigating to find the root cause. The new policy takes effect at the start of next quarter. We expect improved efficiency and lower operational costs. All employees must comply. Despite our efforts to meet the deadline, we've encountered obstacles. We request an extension to deliver high-quality work.|Customers have submitted complaints about product quality. We're conducting a thorough investigation to identify the root cause. The new policy goes into effect next quarter. We anticipate improved efficiency and reduced costs. Compliance is required for all employees. We've tried to finish on time but faced obstacles. We're requesting a deadline extension so we can deliver quality work."
31,Rephrasing,"The implementation of the new policy is scheduled to take effect at the beginning of the next quarter. It is anticipated that this will result in a number of positive outcomes for the organization as a whole, including but not limited to improved efficiency and a reduction in operational costs. All employees are required to comply. In spite of the fact that we have made every effort to complete the task within the specified timeframe, we have encountered a number of obstacles that have prevented us from doing so. We would like to request an extension of the deadline in order to ensure that we are able to deliver work of the highest quality. The report that was prepared by the research team contains a great deal of valuable information that could be of use to us in the context of our strategic planning efforts. It is recommended that we take the time to review the document in detail prior to the upcoming planning session.",The new policy begins next quarter and should improve efficiency and reduce costs. All employees must comply. We request a deadline extension; we've encountered obstacles and want to deliver the highest quality work. The report holds valuable strategic planning information. Review it in detail before the upcoming planning session.,"The new policy begins next quarter and should improve efficiency and reduce costs. All employees must comply. We request a deadline extension; we've encountered obstacles and want to deliver the highest quality work. The report holds valuable strategic planning information. Review it in detail before the upcoming planning session.|The new policy takes effect at the start of next quarter. We expect improved efficiency and lower operational costs. All employees must comply. Despite our efforts to meet the deadline, we've encountered obstacles. We request an extension to deliver high-quality work. The research team's report contains valuable information for our strategic planning. We should review it in detail before the planning session.|The new policy goes into effect next quarter. We anticipate improved efficiency and reduced costs. Compliance is required for all employees. We've tried to finish on time but faced obstacles. We're requesting a deadline extension so we can deliver quality work. The report has valuable information for strategic planning. We recommend reviewing it in detail before the planning session.|Starting next quarter, the new policy will bring improved efficiency and lower costs. All employees must comply. Obstacles have prevented us from meeting the deadline despite our efforts. We request an extension to ensure quality. We should review the research team's report in detail before the planning session; it has valuable strategic planning information."
32,Rephrasing,"In spite of the fact that we have made every effort to complete the task within the specified timeframe, we have encountered a number of obstacles that have prevented us from doing so. We would like to request an extension of the deadline in order to ensure that we are able to deliver work of the highest quality. The report that was prepared by the research team contains a great deal of valuable information that could be of use to us in the context of our strategic planning efforts. It is recommended that we take the time to review the document in detail prior to the upcoming planning session. As a result of the feedback that we have received from a variety of different sources, we have come to the conclusion that it would be beneficial for us to make a number of changes to the way in which we operate. We are in the process of developing a detailed plan that will outline the steps that need to be taken.","Despite our efforts to meet the deadline, we've encountered obstacles. We request an extension to deliver high-quality work. The research team's report contains valuable information for our strategic planning. We should review it in detail before the planning session. Feedback from various sources has led us to conclude that we should change how we operate. We're developing a detailed plan.","Despite our efforts to meet the deadline, we've encountered obstacles. We request an extension to deliver high-quality work. The research team's report contains valuable information for our strategic planning. We should review it in detail before the planning session. Feedback from various sources has led us to conclude that we should change how we operate. We're developing a detailed plan.|We've tried to finish on time but faced obstacles. We're requesting a deadline extension so we can deliver quality work. The report has valuable information for strategic planning. We recommend reviewing it in detail before the planning session. Based on feedback from many sources, we've decided to make operational changes. We're developing a detailed plan for next steps.|Obstacles have prevented us from meeting the deadline despite our efforts. We request an extension to ensure quality. We should review the research team's report in detail before the planning session; it has valuable strategic planning information. We've decided to change our operations based on feedback. We're developing a detailed plan with the steps to take.|We request a deadline extension; we've encountered obstacles and want to deliver the highest quality work. The report holds valuable strategic planning information. Review it in detail before the upcoming planning session. Feedback led us to plan operational changes. We're developing a detailed plan outlining the necessary steps."
33,Rephrasing,"The report that was prepared by the research team contains a great deal of valuable information that could be of use to us in the context of our strategic planning efforts. It is recommended that we take the time to review the document in detail prior to the upcoming planning session. As a result of the feedback that we have received from a variety of different sources, we have come to the conclusion that it would be beneficial for us to make a number of changes to the way in which we operate. We are in the process of developing a detailed plan that will outline the steps that need to be taken. The meeting that was held on Monday was attended by representatives from each of the departments that are involved in the project. A great deal of progress was made with regard to the identification of the key milestones that will need to be achieved over the course of the next six months.","The report has valuable information for strategic planning. We recommend reviewing it in detail before the planning session. Based on feedback from many sources, we've decided to make operational changes. We're developing a detailed plan for next steps. Representatives from every project department attended Monday's meeting. We identified key milestones for the next six months.","The report has valuable information for strategic planning. We recommend reviewing it in detail before the planning session. Based on feedback from many sources, we've decided to make operational changes. We're developing a detailed plan for next steps. Representatives from every project department attended Monday's meeting. We identified key milestones for the next six months.|We should review the research team's report in detail before the planning session; it has valuable strategic planning information. We've decided to change our operations based on feedback. We're developing a detailed plan with the steps to take. At Monday's meeting, department representatives made progress identifying key milestones for the next six months.|The report holds valuable strategic planning information. Review it in detail before the upcoming planning session. Feedback led us to plan operational changes. We're developing a detailed plan outlining the necessary steps. The Monday meeting had all project departments represented. Key milestones for the next six months were identified.|The research team's report contains valuable information for our strategic planning. We should review it in detail before the planning session. Feedback from various sources has led us to conclude that we should change how we operate. We're developing a detailed plan. Monday's meeting included representatives from each project department. We made progress identifying key milestones for the next six months."
34,Rephrasing,"As a result of the feedback that we have received from a variety of different sources, we have come to the conclusion that it would be beneficial for us to make a number of changes to the way in which we operate. We are in the process of developing a detailed plan that will outline the steps that need to be taken. The meeting that was held on Monday was attended by representatives from each of the departments that are involved in the project. A great deal of progress was made with regard to the identification of the key milestones that will need to be achieved over the course of the next six months. In view of the fact that the budget has been approved by the board of directors, we are now in a position to move forward with the implementation of the first phase of the project. It is our intention to begin the work as soon as possible and to keep all stakeholders informed of our progress on a regular basis.","We've decided to change our operations based on feedback. We're developing a detailed plan with the steps to take. At Monday's meeting, department representatives made progress identifying key milestones for the next six months. Budget approved; we're starting phase one implementation and will keep stakeholders informed.","We've decided to change our operations based on feedback. We're developing a detailed plan with the steps to take. At Monday's meeting, department representatives made progress identifying key milestones for the next six months. Budget approved; we're starting phase one implementation and will keep stakeholders informed.|Feedback led us to plan operational changes. We're developing a detailed plan outlining the necessary steps. The Monday meeting had all project departments represented. Key milestones for the next six months were identified. We can now implement phase one and will start soon, keeping stakeholders updated.|Feedback from various sources has led us to conclude that we should change how we operate. We're developing a detailed plan. Monday's meeting included representatives from each project department. We made progress identifying key milestones for the next six months. The board has approved the budget, so we can move forward with the first phase. We'll start as soon as possible and keep stakeholders informed.|Based on feedback from many sources, we've decided to make operational changes. We're developing a detailed plan for next steps. Representatives from every project department attended Monday's meeting. We identified key milestones for the next six months. With budget approval from the board, we're moving forward with phase one. We intend to start soon and update stakeholders regularly."
35,Rephrasing,"The meeting that was held on Monday was attended by representatives from each of the departments that are involved in the project. A great deal of progress was made with regard to the identification of the key milestones that will need to be achieved over the course of the next six months. In view of the fact that the budget has been approved by the board of directors, we are now in a position to move forward with the implementation of the first phase of the project. It is our intention to begin the work as soon as possible and to keep all stakeholders informed of our progress on a regular basis. The purpose of this document is to provide you with a summary of the findings that were uncovered during the course of our investigation. We have attempted to present the information in a clear and concise manner so that it can be easily understood by all parties who have an interest in the outcome.","The Monday meeting had all project departments represented. Key milestones for the next six months were identified. We can now implement phase one and will start soon, keeping stakeholders updated. This document clearly summarizes our investigation findings for all interested parties.","The Monday meeting had all project departments represented. Key milestones for the next six months were identified. We can now implement phase one and will start soon, keeping stakeholders updated. This document clearly summarizes our investigation findings for all interested parties.|Monday's meeting included representatives from each project department. We made progress identifying key milestones for the next six months. The board has approved the budget, so we can move forward with the first phase. We'll start as soon as possible and keep stakeholders informed. This document summarizes our investigation findings. We've presented the information clearly for all interested parties.|Representatives from every project department attended Monday's meeting. We identified key milestones for the next six months. With budget approval from the board, we're moving forward with phase one. We intend to start soon and update stakeholders regularly. Here we summarize the investigation findings in a clear, concise way for all interested parties.|At Monday's meeting, department representatives made progress identifying key milestones for the next six months. Budget approved; we're starting phase one implementation and will keep stakeholders informed. We present our investigation findings in this document in a clear and concise manner."
36,Rephrasing,"In view of the fact that the budget has been approved by the board of directors, we are now in a position to move forward with the implementation of the first phase of the project. It is our intention to begin the work as soon as possible and to keep all stakeholders informed of our progress on a regular basis. The purpose of this document is to provide you with a summary of the findings that were uncovered during the course of our investigation. We have attempted to present the information in a clear and concise manner so that it can be easily understood by all parties who have an interest in the outcome. At the present time, we are experiencing a situation where the demand for our products has exceeded our initial expectations. As a consequence of this, we are currently in the process of exploring a number of different options that would allow us to increase our production capacity in order to meet the needs of our customers.","The board has approved the budget, so we can move forward with the first phase. We'll start as soon as possible and keep stakeholders informed. This document summarizes our investigation findings. We've presented the information clearly for all interested parties. Demand for our products has exceeded expectations. We're exploring options to increase production capacity to meet customer needs.","The board has approved the budget, so we can move forward with the first phase. We'll start as soon as possible and keep stakeholders informed. This document summarizes our investigation findings. We've presented the information clearly for all interested parties. Demand for our products has exceeded expectations. We're exploring options to increase production capacity to meet customer needs.|With budget approval from the board, we're moving forward with phase one. We intend to start soon and update stakeholders regularly. Here we summarize the investigation findings in a clear, concise way for all interested parties. We're seeing higher demand than expected and are exploring ways to increase production to meet customer needs.|Budget approved; we're starting phase one implementation and will keep stakeholders informed. We present our investigation findings in this document in a clear and concise manner. Demand exceeds expectations; we're exploring options to increase production capacity.|We can now implement phase one and will start soon, keeping stakeholders updated. This document clearly summarizes our investigation findings for all interested parties. We're exploring ways to increase production to meet the higher-than-expected demand."
37,Rephrasing,"The purpose of this document is to provide you with a summary of the findings that were uncovered during the course of our investigation. We have attempted to present the information in a clear and concise manner so that it can be easily understood by all parties who have an interest in the outcome. At the present time, we are experiencing a situation where the demand for our products has exceeded our initial expectations. As a consequence of this, we are currently in the process of exploring a number of different options that would allow us to increase our production capacity in order to meet the needs of our customers. It is important to note that the project timeline has been subject to significant delays. Due to the fact that we have been experiencing a variety of unforeseen circumstances, we are currently in the process of reassessing our approach. In order to complete the deliverables on schedule, it will be necessary for us to allocate additional resources to the task at hand.","Here we summarize the investigation findings in a clear, concise way for all interested parties. We're seeing higher demand than expected and are exploring ways to increase production to meet customer needs. Significant delays have affected the project. We're reassessing our approach due to unforeseen circumstances and will need more resources to complete deliverables on time.","Here we summarize the investigation findings in a clear, concise way for all interested parties. We're seeing higher demand than expected and are exploring ways to increase production to meet customer needs. Significant delays have affected the project. We're reassessing our approach due to unforeseen circumstances and will need more resources to complete deliverables on time.|We present our investigation findings in this document in a clear and concise manner. Demand exceeds expectations; we're exploring options to increase production capacity. The project is behind schedule. We're reassessing and will need additional resources to complete deliverables on time.|This document clearly summarizes our investigation findings for all interested parties. We're exploring ways to increase production to meet the higher-than-expected demand. Delays have impacted the timeline. We're reassessing and must add resources to stay on schedule.|This document summarizes our investigation findings. We've presented the information clearly for all interested parties. Demand for our products has exceeded expectations. We're exploring options to increase production capacity to meet customer needs. The project timeline has been delayed. Unforeseen circumstances have forced us to reassess our approach. We need to allocate more resources to meet the schedule."
38,Rephrasing,"At the present time, we are experiencing a situation where the demand for our products has exceeded our initial expectations. As a consequence of this, we are currently in the process of exploring a number of different options that would allow us to increase our production capacity in order to meet the needs of our customers. It is important to note that the project timeline has been subject to significant delays. Due to the fact that we have been experiencing a variety of unforeseen circumstances, we are currently in the process of reassessing our approach. In order to complete the deliverables on schedule, it will be necessary for us to allocate additional resources to the task at hand. In the event that you have any questions or concerns with regard to the proposal that has been put forward, please do not hesitate to get in touch with us at your earliest convenience. We are more than happy to provide you with any additional information that you may require in order to facilitate the decision-making process.",Demand exceeds expectations; we're exploring options to increase production capacity. The project is behind schedule. We're reassessing and will need additional resources to complete deliverables on time. Questions about the proposal? Contact us anytime. We can provide whatever information you need to decide.,"Demand exceeds expectations; we're exploring options to increase production capacity. The project is behind schedule. We're reassessing and will need additional resources to complete deliverables on time. Questions about the proposal? Contact us anytime. We can provide whatever information you need to decide.|We're exploring ways to increase production to meet the higher-than-expected demand. Delays have impacted the timeline. We're reassessing and must add resources to stay on schedule. Reach out if you need more information or have concerns about the proposal.|Demand for our products has exceeded expectations. We're exploring options to increase production capacity to meet customer needs. The project timeline has been delayed. Unforeseen circumstances have forced us to reassess our approach. We need to allocate more resources to meet the schedule. If you have questions about the proposal, contact us. We're happy to provide any information you need to decide.|We're seeing higher demand than expected and are exploring ways to increase production to meet customer needs. Significant delays have affected the project. We're reassessing our approach due to unforeseen circumstances and will need more resources to complete deliverables on time. Contact us if you have questions or concerns about the proposal. We'll provide any information you need."
39,Rephrasing,"It is important to note that the project timeline has been subject to significant delays. Due to the fact that we have been experiencing a variety of unforeseen circumstances, we are currently in the process of reassessing our approach. In order to complete the deliverables on schedule, it will be necessary for us to allocate additional resources to the task at hand. In the event that you have any questions or concerns with regard to the proposal that has been put forward, please do not hesitate to get in touch with us at your earliest convenience. We are more than happy to provide you with any additional information that you may require in order to facilitate the decision-making process. The committee has reached the conclusion that it would be in the best interests of all parties involved to postpone the meeting until such time as all of the relevant data has been compiled and reviewed. It is our expectation that this will allow for a more productive discussion and a better outcome for everyone.",Delays have impacted the timeline. We're reassessing and must add resources to stay on schedule. Reach out if you need more information or have concerns about the proposal. The meeting will be postponed until data is compiled and reviewed so we can have a more productive discussion.,"Delays have impacted the timeline. We're reassessing and must add resources to stay on schedule. Reach out if you need more information or have concerns about the proposal. The meeting will be postponed until data is compiled and reviewed so we can have a more productive discussion.|The project timeline has been delayed. Unforeseen circumstances have forced us to reassess our approach. We need to allocate more resources to meet the schedule. If you have questions about the proposal, contact us. We're happy to provide any information you need to decide. The committee decided to postpone the meeting until all relevant data is compiled and reviewed. We expect a more productive discussion and better outcome.|Significant delays have affected the project. We're reassessing our approach due to unforeseen circumstances and will need more resources to complete deliverables on time. Contact us if you have questions or concerns about the proposal. We'll provide any information you need. The committee concluded that postponing the meeting until data is compiled and reviewed is best. This should lead to a more productive discussion.|The project is behind schedule. We're reassessing and will need additional resources to complete deliverables on time. Questions about the proposal? Contact us anytime. We can provide whatever information you need to decide. We're postponing the meeting until we have and review all relevant data. We expect a better discussion and outcome."
40,Rephrasing,"In the event that you have any questions or concerns with regard to the proposal that has been put forward, please do not hesitate to get in touch with us at your earliest convenience. We are more than happy to provide you with any additional information that you may require in order to facilitate the decision-making process. The committee has reached the conclusion that it would be in the best interests of all parties involved to postpone the meeting until such time as all of the relevant data has been compiled and reviewed. It is our expectation that this will allow for a more productive discussion and a better outcome for everyone. There are a number of different factors that need to be taken into consideration when we are in the process of making a decision with respect to the future direction of the company. The fact of the matter is that we need to ensure that we have a comprehensive understanding of the market conditions before we proceed. It has come to our attention that there have been a series of complaints that have been submitted by customers in relation to the quality of the product that was delivered. We are currently in the process of conducting a thorough investigation into the matter in order to identify the root cause of the problem.","If you have questions about the proposal, contact us. We're happy to provide any information you need to decide. The committee decided to postpone the meeting until all relevant data is compiled and reviewed. We expect a more productive discussion and better outcome. Several factors must be considered when deciding the company's future direction. We need a comprehensive understanding of market conditions before proceeding. We've learned that customers have complained about the quality of the delivered product. We're investigating to find the root cause.","If you have questions about the proposal, contact us. We're happy to provide any information you need to decide. The committee decided to postpone the meeting until all relevant data is compiled and reviewed. We expect a more productive discussion and better outcome. Several factors must be considered when deciding the company's future direction. We need a comprehensive understanding of market conditions before proceeding. We've learned that customers have complained about the quality of the delivered product. We're investigating to find the root cause.|Contact us if you have questions or concerns about the proposal. We'll provide any information you need. The committee concluded that postponing the meeting until data is compiled and reviewed is best. This should lead to a more productive discussion. Many factors matter when deciding the company's direction. We must understand market conditions before we proceed. Customers have submitted complaints about product quality. We're conducting a thorough investigation to identify the root cause.|Questions about the proposal? Contact us anytime. We can provide whatever information you need to decide. We're postponing the meeting until we have and review all relevant data. We expect a better discussion and outcome. We must consider several factors before deciding the company's future direction and need a clear picture of market conditions. We're aware of customer complaints about delivered product quality and are investigating the root cause.|Reach out if you need more information or have concerns about the proposal. The meeting will be postponed until data is compiled and reviewed so we can have a more productive discussion. Before deciding the company's direction, we need to consider several factors and understand market conditions. Following customer complaints about product quality, we're investigating to identify the root cause."
41,Rephrasing,"The committee has reached the conclusion that it would be in the best interests of all parties involved to postpone the meeting until such time as all of the relevant data has been compiled and reviewed. It is our expectation that this will allow for a more productive discussion and a better outcome for everyone. There are a number of different factors that need to be taken into consideration when we are in the process of making a decision with respect to the future direction of the company. The fact of the matter is that we need to ensure that we have a comprehensive understanding of the market conditions before we proceed. It has come to our attention that there have been a series of complaints that have been submitted by customers in relation to the quality of the product that was delivered. We are currently in the process of conducting a thorough investigation into the matter in order to identify the root cause of the problem. The implementation of the new policy is scheduled to take effect at the beginning of the next quarter. It is anticipated that this will result in a number of positive outcomes for the organization as a whole, including but not limited to improved efficiency and a reduction in operational costs. All employees are required to comply.",The committee concluded that postponing the meeting until data is compiled and reviewed is best. This should lead to a more productive discussion. Many factors matter when deciding the company's direction. We must understand market conditions before we proceed. Customers have submitted complaints about product quality. We're conducting a thorough investigation to identify the root cause. The new policy goes into effect next quarter. We anticipate improved efficiency and reduced costs. Compliance is required for all employees.,"The committee concluded that postponing the meeting until data is compiled and reviewed is best. This should lead to a more productive discussion. Many factors matter when deciding the company's direction. We must understand market conditions before we proceed. Customers have submitted complaints about product quality. We're conducting a thorough investigation to identify the root cause. The new policy goes into effect next quarter. We anticipate improved efficiency and reduced costs. Compliance is required for all employees.|We're postponing the meeting until we have and review all relevant data. We expect a better discussion and outcome. We must consider several factors before deciding the company's future direction and need a clear picture of market conditions. We're aware of customer complaints about delivered product quality and are investigating the root cause. Starting next quarter, the new policy will bring improved efficiency and lower costs. All employees must comply.|The meeting will be postponed until data is compiled and reviewed so we can have a more productive discussion. Before deciding the company's direction, we need to consider several factors and understand market conditions. Following customer complaints about product quality, we're investigating to identify the root cause. The new policy begins next quarter and should improve efficiency and reduce costs. All employees must comply.|The committee decided to postpone the meeting until all relevant data is compiled and reviewed. We expect a more productive discussion and better outcome. Several factors must be considered when deciding the company's future direction. We need a comprehensive understanding of market conditions before proceeding. We've learned that customers have complained about the quality of the delivered product. We're investigating to find the root cause. The new policy takes effect at the start of next quarter. We expect improved efficiency and lower operational costs. All employees must comply."
42,Rephrasing,"There are a number of different factors that need to be taken into consideration when we are in the process of making a decision with respect to the future direction of the company. The fact of the matter is that we need to ensure that we have a comprehensive understanding of the market conditions before we proceed. It has come to our attention that there have been a series of complaints that have been submitted by customers in relation to the quality of the product that was delivered. We are currently in the process of conducting a thorough investigation into the matter in order to identify the root cause of the problem. The implementation of the new policy is scheduled to take effect at the beginning of the next quarter. It is anticipated that this will result in a number of positive outcomes for the organization as a whole, including but not limited to improved efficiency and a reduction in operational costs. All employees are required to comply. In spite of the fact that we have made every effort to complete the task within the specified timeframe, we have encountered a number of obstacles that have prevented us from doing so. We would like to request an extension of the deadline in order to ensure that we are able to deliver work of the highest quality.","We must consider several factors before deciding the company's future direction and need a clear picture of market conditions. We're aware of customer complaints about delivered product quality and are investigating the root cause. Starting next quarter, the new policy will bring improved efficiency and lower costs. All employees must comply. Obstacles have prevented us from meeting the deadline despite our efforts. We request an extension to ensure quality.","We must consider several factors before deciding the company's future direction and need a clear picture of market conditions. We're aware of customer complaints about delivered product quality and are investigating the root cause. Starting next quarter, the new policy will bring improved efficiency and lower costs. All employees must comply. Obstacles have prevented us from meeting the deadline despite our efforts. We request an extension to ensure quality.|Before deciding the company's direction, we need to consider several factors and understand market conditions. Following customer complaints about product quality, we're investigating to identify the root cause. The new policy begins next quarter and should improve efficiency and reduce costs. All employees must comply. We request a deadline extension; we've encountered obstacles and want to deliver the highest quality work.|Several factors must be considered when deciding the company's future direction. We need a comprehensive understanding of market conditions before proceeding. We've learned that customers have complained about the quality of the delivered product. We're investigating to find the root cause. The new policy takes effect at the start of next quarter. We expect improved efficiency and lower operational costs. All employees must comply. Despite our efforts to meet the deadline, we've encountered obstacles. We request an extension to deliver high-quality work.|Many factors matter when deciding the company's direction. We must understand market conditions before we proceed. Customers have submitted complaints about product quality. We're conducting a thorough investigation to identify the root cause. The new policy goes into effect next quarter. We anticipate improved efficiency and reduced costs. Compliance is required for all employees. We've tried to finish on time but faced obstacles. We're requesting a deadline extension so we can deliver quality work."
43,Rephrasing,"It has come to our attention that there have been a series of complaints that have been submitted by customers in relation to the quality of the product that was delivered. We are currently in the process of conducting a thorough investigation into the matter in order to identify the root cause of the problem. The implementation of the new policy is scheduled to take effect at the beginning of the next quarter. It is anticipated that this will result in a number of positive outcomes for the organization as a whole, including but not limited to improved efficiency and a reduction in operational costs. All employees are required to comply. In spite of the fact that we have made every effort to complete the task within the specified timeframe, we have encountered a number of obstacles that have prevented us from doing so. We would like to request an extension of the deadline in order to ensure that we are able to deliver work of the highest quality. The report that was prepared by the research team contains a great deal of valuable information that could be of use to us in the context of our strategic planning efforts. It is recommended that we take the time to review the document in detail prior to the upcoming planning session.","Following customer complaints about product quality, we're investigating to identify the root cause. The new policy begins next quarter and should improve efficiency and reduce costs. All employees must comply. We request a deadline extension; we've encountered obstacles and want to deliver the highest quality work. The report holds valuable strategic planning information. Review it in detail before the upcoming planning session.","Following customer complaints about product quality, we're investigating to identify the root cause. The new policy begins next quarter and should improve efficiency and reduce costs. All employees must comply. We request a deadline extension; we've encountered obstacles and want to deliver the highest quality work. The report holds valuable strategic planning information. Review it in detail before the upcoming planning session.|We've learned that customers have complained about the quality of the delivered product. We're investigating to find the root cause. The new policy takes effect at the start of next quarter. We expect improved efficiency and lower operational costs. All employees must comply. Despite our efforts to meet the deadline, we've encountered obstacles. We request an extension to deliver high-quality work. The research team's report contains valuable information for our strategic planning. We should review it in detail before the planning session.|Customers have submitted complaints about product quality. We're conducting a thorough investigation to identify the root cause. The new policy goes into effect next quarter. We anticipate improved efficiency and reduced costs. Compliance is required for all employees. We've tried to finish on time but faced obstacles. We're requesting a deadline extension so we can deliver quality work. The report has valuable information for strategic planning. We recommend reviewing it in detail before the planning session.|We're aware of customer complaints about delivered product quality and are investigating the root cause. Starting next quarter, the new policy will bring improved efficiency and lower costs. All employees must comply. Obstacles have prevented us from meeting the deadline despite our efforts. We request an extension to ensure quality. We should review the research team's report in detail before the planning session; it has valuable strategic planning information."
44,Rephrasing,"The implementation of the new policy is scheduled to take effect at the beginning of the next quarter. It is anticipated that this will result in a number of positive outcomes for the organization as a whole, including but not limited to improved efficiency and a reduction in operational costs. All employees are required to comply. In spite of the fact that we have made every effort to complete the task within the specified timeframe, we have encountered a number of obstacles that have prevented us from doing so. We would like to request an extension of the deadline in order to ensure that we are able to deliver work of the highest quality. The report that was prepared by the research team contains a great deal of valuable information that could be of use to us in the context of our strategic planning efforts. It is recommended that we take the time to review the document in detail prior to the upcoming planning session. As a result of the feedback that we have received from a variety of different sources, we have come to the conclusion that it would be beneficial for us to make a number of changes to the way in which we operate. We are in the process of developing a detailed plan that will outline the steps that need to be taken.","The new policy takes effect at the start of next quarter. We expect improved efficiency and lower operational costs. All employees must comply. Despite our efforts to meet the deadline, we've encountered obstacles. We request an extension to deliver high-quality work. The research team's report contains valuable information for our strategic planning. We should review it in detail before the planning session. Feedback from various sources has led us to conclude that we should change how we operate. We're developing a detailed plan.","The new policy takes effect at the start of next quarter. We expect improved efficiency and lower operational costs. All employees must comply. Despite our efforts to meet the deadline, we've encountered obstacles. We request an extension to deliver high-quality work. The research team's report contains valuable information for our strategic planning. We should review it in detail before the planning session. Feedback from various sources has led us to conclude that we should change how we operate. We're developing a detailed plan.|The new policy goes into effect next quarter. We anticipate improved efficiency and reduced costs. Compliance is required for all employees. We've tried to finish on time but faced obstacles. We're requesting a deadline extension so we can deliver quality work. The report has valuable information for strategic planning. We recommend reviewing it in detail before the planning session. Based on feedback from many sources, we've decided to make operational changes. We're developing a detailed plan for next steps.|Starting next quarter, the new policy will bring improved efficiency and lower costs. All employees must comply. Obstacles have prevented us from meeting the deadline despite our efforts. We request an extension to ensure quality. We should review the research team's report in detail before the planning session; it has valuable strategic planning information. We've decided to change our operations based on feedback. We're developing a detailed plan with the steps to take.|The new policy begins next quarter and should improve efficiency and reduce costs. All employees must comply. We request a deadline extension; we've encountered obstacles and want to deliver the highest quality work. The report holds valuable strategic planning information. Review it in detail before the upcoming planning session. Feedback led us to plan operational changes. We're developing a detailed plan outlining the necessary steps."
45,Rephrasing,"In spite of the fact that we have made every effort to complete the task within the specified timeframe, we have encountered a number of obstacles that have prevented us from doing so. We would like to request an extension of the deadline in order to ensure that we are able to deliver work of the highest quality. The report that was prepared by the research team contains a great deal of valuable information that could be of use to us in the context of our strategic planning efforts. It is recommended that we take the time to review the document in detail prior to the upcoming planning session. As a result of the feedback that we have received from a variety of different sources, we have come to the conclusion that it would be beneficial for us to make a number of changes to the way in which we operate. We are in the process of developing a detailed plan that will outline the steps that need to be taken. The meeting that was held on Monday was attended by representatives from each of the departments that are involved in the project. A great deal of progress was made with regard to the identification of the key milestones that will need to be achieved over the course of the next six months.","We've tried to finish on time but faced obstacles. We're requesting a deadline extension so we can deliver quality work. The report has valuable information for strategic planning. We recommend reviewing it in detail before the planning session. Based on feedback from many sources, we've decided to make operational changes. We're developing a detailed plan for next steps. Representatives from every project department attended Monday's meeting. We identified key milestones for the next six months.","We've tried to finish on time but faced obstacles. We're requesting a deadline extension so we can deliver quality work. The report has valuable information for strategic planning. We recommend reviewing it in detail before the planning session. Based on feedback from many sources, we've decided to make operational changes. We're developing a detailed plan for next steps. Representatives from every project department attended Monday's meeting. We identified key milestones for the next six months.|Obstacles have prevented us from meeting the deadline despite our efforts. We request an extension to ensure quality. We should review the research team's report in detail before the planning session; it has valuable strategic planning information. We've decided to change our operations based on feedback. We're developing a detailed plan with the steps to take. At Monday's meeting, department representatives made progress identifying key milestones for the next six months.|We request a deadline extension; we've encountered obstacles and want to deliver the highest quality work. The report holds valuable strategic planning information. Review it in detail before the upcoming planning session. Feedback led us to plan operational changes. We're developing a detailed plan outlining the necessary steps. The Monday meeting had all project departments represented. Key milestones for the next six months were identified.|Despite our efforts to meet the deadline, we've encountered obstacles. We request an extension to deliver high-quality work. The research team's report contains valuable information for our strategic planning. We should review it in detail before the planning session. Feedback from various sources has led us to conclude that we should change how we operate. We're developing a detailed plan. Monday's meeting included representatives from each project department. We made progress identifying key milestones for the next six months."
46,Rephrasing,"The report that was prepared by the research team contains a great deal of valuable information that could be of use to us in the context of our strategic planning efforts. It is recommended that we take the time to review the document in detail prior to the upcoming planning session. As a result of the feedback that we have received from a variety of different sources, we have come to the conclusion that it would be beneficial for us to make a number of changes to the way in which we operate. We are in the process of developing a detailed plan that will outline the steps that need to be taken. The meeting that was held on Monday was attended by representatives from each of the departments that are involved in the project. A great deal of progress was made with regard to the identification of the key milestones that will need to be achieved over the course of the next six months. In view of the fact that the budget has been approved by the board of directors, we are now in a position to move forward with the implementation of the first phase of the project. It is our intention to begin the work as soon as possible and to keep all stakeholders informed of our progress on a regular basis.","We should review the research team's report in detail before the planning session; it has valuable strategic planning information. We've decided to change our operations based on feedback. We're developing a detailed plan with the steps to take. At Monday's meeting, department representatives made progress identifying key milestones for the next six months. Budget approved; we're starting phase one implementation and will keep stakeholders informed.","We should review the research team's report in detail before the planning session; it has valuable strategic planning information. We've decided to change our operations based on feedback. We're developing a detailed plan with the steps to take. At Monday's meeting, department representatives made progress identifying key milestones for the next six months. Budget approved; we're starting phase one implementation and will keep stakeholders informed.|The report holds valuable strategic planning information. Review it in detail before the upcoming planning session. Feedback led us to plan operational changes. We're developing a detailed plan outlining the necessary steps. The Monday meeting had all project departments represented. Key milestones for the next six months were identified. We can now implement phase one and will start soon, keeping stakeholders updated.|The research team's report contains valuable information for our strategic planning. We should review it in detail before the planning session. Feedback from various sources has led us to conclude that we should change how we operate. We're developing a detailed plan. Monday's meeting included representatives from each project department. We made progress identifying key milestones for the next six months. The board has approved the budget, so we can move forward with the first phase. We'll start as soon as possible and keep stakeholders informed.|The report has valuable information for strategic planning. We recommend reviewing it in detail before the planning session. Based on feedback from many sources, we've decided to make operational changes. We're developing a detailed plan for next steps. Representatives from every project department attended Monday's meeting. We identified key milestones for the next six months. With budget approval from the board, we're moving forward with phase one. We intend to start soon and update stakeholders regularly."
47,Rephrasing,"As a result of the feedback that we have received from a variety of different sources, we have come to the conclusion that it would be beneficial for us to make a number of changes to the way in which we operate. We are in the process of developing a detailed plan that will outline the steps that need to be taken. The meeting that was held on Monday was attended by representatives from each of the departments that are involved in the project. A great deal of progress was made with regard to the identification of the key milestones that will need to be achieved over the course of the next six months. In view of the fact that the budget has been approved by the board of directors, we are now in a position to move forward with the implementation of the first phase of the project. It is our intention to begin the work as soon as possible and to keep all stakeholders informed of our progress on a regular basis. The purpose of this document is to provide you with a summary of the findings that were uncovered during the course of our investigation. We have attempted to present the information in a clear and concise manner so that it can be easily understood by all parties who have an interest in the outcome.","Feedback led us to plan operational changes. We're developing a detailed plan outlining the necessary steps. The Monday meeting had all project departments represented. Key milestones for the next six months were identified. We can now implement phase one and will start soon, keeping stakeholders updated. This document clearly summarizes our investigation findings for all interested parties.","Feedback led us to plan operational changes. We're developing a detailed plan outlining the necessary steps. The Monday meeting had all project departments represented. Key milestones for the next six months were identified. We can now implement phase one and will start soon, keeping stakeholders updated. This document clearly summarizes our investigation findings for all interested parties.|Feedback from various sources has led us to conclude that we should change how we operate. We're developing a detailed plan. Monday's meeting included representatives from each project department. We made progress identifying key milestones for the next six months. The board has approved the budget, so we can move forward with the first phase. We'll start as soon as possible and keep stakeholders informed. This document summarizes our investigation findings. We've presented the information clearly for all interested parties.|Based on feedback from many sources, we've decided to make operational changes. We're developing a detailed plan for next steps. Representatives from every project department attended Monday's meeting. We identified key milestones for the next six months. With budget approval from the board, we're moving forward with phase one. We intend to start soon and update stakeholders regularly. Here we summarize the investigation findings in a clear, concise way for all interested parties.|We've decided to change our operations based on feedback. We're developing a detailed plan with the steps to take. At Monday's meeting, department representatives made progress identifying key milestones for the next six months. Budget approved; we're starting phase one implementation and will keep stakeholders informed. We present our investigation findings in this document in a clear and concise manner."
48,Rephrasing,"The meeting that was held on Monday was attended by representatives from each of the departments that are involved in the project. A great deal of progress was made with regard to the identification of the key milestones that will need to be achieved over the course of the next six months. In view of the fact that the budget has been approved by the board of directors, we are now in a position to move forward with the implementation of the first phase of the project. It is our intention to begin the work as soon as possible and to keep all stakeholders informed of our progress on a regular basis. The purpose of this document is to provide you with a summary of the findings that were uncovered during the course of our investigation. We have attempted to present the information in a clear and concise manner so that it can be easily understood by all parties who have an interest in the outcome. At the present time, we are experiencing a situation where the demand for our products has exceeded our initial expectations. As a consequence of this, we are currently in the process of exploring a number of different options that would allow us to increase our production capacity in order to meet the needs of our customers. It is important to note that the project timeline has been subject to significant delays. Due to the fact that we have been experiencing a variety of unforeseen circumstances, we are currently in the process of reassessing our approach. In order to complete the deliverables on schedule, it will be necessary for us to allocate additional resources to the task at hand.","Monday's meeting included representatives from each project department. We made progress identifying key milestones for the next six months. The board has approved the budget, so we can move forward with the first phase. We'll start as soon as possible and keep stakeholders informed. This document summarizes our investigation findings. We've presented the information clearly for all interested parties. Demand for our products has exceeded expectations. We're exploring options to increase production capacity to meet customer needs. The project timeline has been delayed. Unforeseen circumstances have forced us to reassess our approach. We need to allocate more resources to meet the schedule.","Monday's meeting included representatives from each project department. We made progress identifying key milestones for the next six months. The board has approved the budget, so we can move forward with the first phase. We'll start as soon as possible and keep stakeholders informed. This document summarizes our investigation findings. We've presented the information clearly for all interested parties. Demand for our products has exceeded expectations. We're exploring options to increase production capacity to meet customer needs. The project timeline has been delayed. Unforeseen circumstances have forced us to reassess our approach. We need to allocate more resources to meet the schedule.|Representatives from every project department attended Monday's meeting. We identified key milestones for the next six months. With budget approval from the board, we're moving forward with phase one. We intend to start soon and update stakeholders regularly. Here we summarize the investigation findings in a clear, concise way for all interested parties. We're seeing higher demand than expected and are exploring ways to increase production to meet customer needs. Significant delays have affected the project. We're reassessing our approach due to unforeseen circumstances and will need more resources to complete deliverables on time.|At Monday's meeting, department representatives made progress identifying key milestones for the next six months. Budget approved; we're starting phase one implementation and will keep stakeholders informed. We present our investigation findings in this document in a clear and concise manner. Demand exceeds expectations; we're exploring options to increase production capacity. The project is behind schedule. We're reassessing and will need additional resources to complete deliverables on time.|The Monday meeting had all project departments represented. Key milestones for the next six months were identified. We can now implement phase one and will start soon, keeping stakeholders updated. This document clearly summarizes our investigation findings for all interested parties. We're exploring ways to increase production to meet the higher-than-expected demand. Delays have impacted the timeline. We're reassessing and must add resources to stay on schedule."
49,Rephrasing,"In view of the fact that the budget has been approved by the board of directors, we are now in a position to move forward with the implementation of the first phase of the project. It is our intention to begin the work as soon as possible and to keep all stakeholders informed of our progress on a regular basis. The purpose of this document is to provide you with a summary of the findings that were uncovered during the course of our investigation. We have attempted to present the information in a clear and concise manner so that it can be easily understood by all parties who have an interest in the outcome. At the present time, we are experiencing a situation where the demand for our products has exceeded our initial expectations. As a consequence of this, we are currently in the process of exploring a number of different options that would allow us to increase our production capacity in order to meet the needs of our customers. It is important to note that the project timeline has been subject to significant delays. Due to the fact that we have been experiencing a variety of unforeseen circumstances, we are currently in the process of reassessing our approach. In order to complete the deliverables on schedule, it will be necessary for us to allocate additional resources to the task at hand. In the event that you have any questions or concerns with regard to the proposal that has been put forward, please do not hesitate to get in touch with us at your earliest convenience. We are more than happy to provide you with any additional information that you may require in order to facilitate the decision-making process.","With budget approval from the board, we're moving forward with phase one. We intend to start soon and update stakeholders regularly. Here we summarize the investigation findings in a clear, concise way for all interested parties. We're seeing higher demand than expected and are exploring ways to increase production to meet customer needs. Significant delays have affected the project. We're reassessing our approach due to unforeseen circumstances and will need more resources to complete deliverables on time. Contact us if you have questions or concerns about the proposal. We'll provide any information you need.","With budget approval from the board, we're moving forward with phase one. We intend to start soon and update stakeholders regularly. Here we summarize the investigation findings in a clear, concise way for all interested parties. We're seeing higher demand than expected and are exploring ways to increase production to meet customer needs. Significant delays have affected the project. We're reassessing our approach due to unforeseen circumstances and will need more resources to complete deliverables on time. Contact us if you have questions or concerns about the proposal. We'll provide any information you need.|Budget approved; we're starting phase one implementation and will keep stakeholders informed. We present our investigation findings in this document in a clear and concise manner. Demand exceeds expectations; we're exploring options to increase production capacity. The project is behind schedule. We're reassessing and will need additional resources to complete deliverables on time. Questions about the proposal? Contact us anytime. We can provide whatever information you need to decide.|We can now implement phase one and will start soon, keeping stakeholders updated. This document clearly summarizes our investigation findings for all interested parties. We're exploring ways to increase production to meet the higher-than-expected demand. Delays have impacted the timeline. We're reassessing and must add resources to stay on schedule. Reach out if you need more information or have concerns about the proposal.|The board has approved the budget, so we can move forward with the first phase. We'll start as soon as possible and keep stakeholders informed. This document summarizes our investigation findings. We've presented the information clearly for all interested parties. Demand for our products has exceeded expectations. We're exploring options to increase production capacity to meet customer needs. The project timeline has been delayed. Unforeseen circumstances have forced us to reassess our approach. We need to allocate more resources to meet the schedule. If you have questions about the proposal, contact us. We're happy to provide any information you need to decide."
